Country,Percent
United Kingdom,95.96369897258279
Netherlands,4.036301027417214
